task,exp_name,ckpt,readout,pooling,pr_auc,pr_auc_untrained,gap
eb,exp03_fb0p02_b0p1_lpsd,best_recon_aux,logistic,window_score,0.7409816075384207,0.6182177062611279,0.1227639012772927
pulsating,exp03_fb0p1_b0p1_lpsd,best_recon_aux,gbm,window_score,0.8458261562112701,0.7453018860317191,0.100524270179551
rotation,exp03_fb0p02_b1p0_lpsd,best,mlp,max,0.5289267380670098,0.3796131907572878,0.149313547309722
transit,exp03_fb0p05_b0p3_lpsd,best,mlp,mean,0.2258754256491029,0.1218389185402128,0.1040365071088901
